﻿{
    "message": {
        "save_success": "记录保存成功",
        "save_fail": "记录保存失败",
        "delete_success": "记录删除成功",
        "delete_fail": "记录删除失败",
        "confirm_delete": "确定要删除该记录吗 ?",
        "not_find": "记录不存在",
        "password_success": "修改密码成功，请记住新密码",
        "password_fail": "修改密码失败，请稍后重试或者联系管理员",
        "box_title": "提示"
    }
}